Player,Tm,FantPos,Games G,Fantasy FantPt Per Game,Fantasy PPR Per Game,Fantasy DKPt Per Game,Fantasy FDPt Per Game,tier,mean points
Christian McCaffrey,CAR,RB,16,22.1875,29.45,29.825,25.825,1,26.821875000000002
Lamar Jackson,BAL,QB,15,27.733333333333334,27.71333333333333,28.646666666666665,28.113333333333333,1,28.051666666666666
Derrick Henry,TEN,RB,15,18.466666666666665,19.64,20.240000000000002,19.040000000000003,1,19.346666666666668
Aaron Jones,GNB,RB,16,16.625,19.675,20.175,18.14375,1,18.654687499999998
Ezekiel Elliott,DAL,RB,16,16.125,19.48125,19.98125,17.79375,1,18.345312500000002
Dalvin Cook,MIN,RB,14,17.071428571428573,20.885714285714283,21.457142857142856,18.99285714285714,1,19.60178571428571
Michael Thomas,NOR,WR,16,14.125,23.4125,23.6,18.75625,1,19.973437500000003
Travis Kelce,KAN,TE,16,9.8125,15.89375,16.14375,12.8625,2,13.678125000000001
Nick Chubb,CLE,RB,16,13.6875,15.95,16.5125,14.825,2,15.243749999999999
Austin Ekeler,LAC,RB,16,13.5625,19.3125,19.8125,16.4375,1,17.28125
Mark Ingram,BAL,RB,15,14.466666666666667,16.166666666666668,16.7,15.3,2,15.658333333333331
Dak Prescott,DAL,QB,16,21.125,21.1125,22.3,21.8,1,21.584374999999998
Mark Andrews,BAL,TE,15,9.533333333333333,13.813333333333333,14.08,11.68,2,12.276666666666666
Russell Wilson,SEA,QB,16,20.5625,20.5375,21.35,20.85,1,20.825000000000003
Chris Godwin,TAM,WR,14,13.571428571428571,19.72142857142857,19.935714285714287,16.65,1,17.46964285714286
George Kittle,SFO,TE,14,9.857142857142858,15.892857142857142,16.107142857142858,12.857142857142858,2,13.67857142857143
Deshaun Watson,HOU,QB,15,21.333333333333332,21.4,22.8,22.166666666666668,1,21.925
Chris Carson,SEA,RB,15,13.066666666666666,15.506666666666666,16.173333333333332,14.273333333333333,2,14.754999999999999
Darren Waller,OAK,TE,16,8.1875,13.8125,14.0625,11.0,2,11.765625
Kenny Golladay,DET,WR,16,11.4375,15.5,15.75,13.46875,2,14.0390625
Saquon Barkley,NYG,RB,13,14.76923076923077,18.776923076923076,19.23846153846154,16.776923076923076,1,17.390384615384612
Zach Ertz,PHI,TE,15,8.533333333333333,14.373333333333333,14.639999999999999,11.44,2,12.246666666666666
Joe Mixon,CIN,RB,16,11.875,14.0875,14.4625,12.99375,2,13.354687499999999
Todd Gurley,LAR,RB,15,12.533333333333333,14.626666666666667,15.16,13.593333333333334,2,13.978333333333333
Jared Cook,NOR,TE,14,8.928571428571429,11.964285714285714,12.178571428571429,10.428571428571429,3,10.875
Cooper Kupp,LAR,WR,16,11.0625,16.90625,17.09375,13.96875,2,14.7578125
Julio Jones,ATL,WR,15,11.666666666666666,18.273333333333333,18.473333333333336,14.973333333333333,2,15.846666666666668
DeVante Parker,MIA,WR,16,10.875,15.3875,15.575,13.1375,2,13.743749999999999
Leonard Fournette,JAX,RB,15,12.2,17.293333333333333,17.759999999999998,14.76,2,15.503333333333332
Jameis Winston,TAM,QB,16,19.0625,19.0875,21.65,20.9625,1,20.190624999999997
Austin Hooper,ATL,TE,13,9.0,14.746153846153845,14.976923076923075,11.86153846153846,2,12.646153846153844
Amari Cooper,DAL,WR,16,10.5,15.40625,15.59375,12.9375,2,13.609375
Mike Evans,TAM,WR,13,12.76923076923077,17.9,18.13076923076923,15.323076923076922,2,16.03076923076923
A.J. Brown,TEN,WR,16,10.3125,13.56875,13.75625,11.94375,2,12.395312500000001
DeAndre Hopkins,HOU,WR,15,11.0,17.9,18.166666666666668,14.5,2,15.391666666666666
Josh Jacobs,OAK,RB,13,13.23076923076923,14.738461538461538,15.276923076923076,13.96923076923077,2,14.303846153846154
Keenan Allen,LAC,WR,16,9.875,16.34375,16.53125,13.09375,2,13.9609375
Miles Sanders,PHI,RB,16,10.5625,13.66875,14.10625,12.10625,2,12.610937499999999
Allen Robinson,CHI,WR,16,9.8125,15.93125,16.11875,12.86875,2,13.682812499999999
Julian Edelman,NWE,WR,16,9.75,16.01875,16.26875,12.89375,2,13.732812500000001
Alvin Kamara,NOR,RB,14,12.0,17.75,18.25,14.857142857142858,2,15.714285714285715
Marlon Mack,IND,RB,14,11.928571428571429,12.950000000000001,13.164285714285715,12.450000000000001,2,12.623214285714287
Jarvis Landry,CLE,WR,16,9.625,14.8375,15.025,12.24375,2,12.932812499999999
Josh Allen,BUF,QB,16,18.0625,18.0375,19.225,18.6,1,18.481250000000003
Tyler Lockett,SEA,WR,16,9.5625,14.7,14.8875,12.1375,2,12.821874999999999
DJ Chark,JAX,WR,15,10.2,15.053333333333335,15.253333333333334,12.620000000000001,2,13.281666666666666
Kenyan Drake,2TM,RB,14,11.714285714285714,15.299999999999999,15.799999999999999,13.514285714285714,2,14.082142857142856
Patrick Mahomes,KAN,QB,14,20.5,20.5,21.428571428571427,20.857142857142858,1,20.821428571428573
Phillip Lindsay,DEN,RB,16,10.1875,12.35625,12.73125,11.2625,2,11.634374999999999
Kyler Murray,ARI,QB,16,17.8125,17.83125,19.08125,18.58125,1,18.326562499999998
Courtland Sutton,DEN,WR,16,9.375,13.9,14.0875,11.65,2,12.253124999999999
Stefon Diggs,MIN,WR,15,9.933333333333334,14.139999999999999,14.54,12.04,2,12.663333333333332
John Brown,BUF,WR,15,9.866666666666667,14.653333333333334,14.853333333333333,12.253333333333334,2,12.906666666666666
Hunter Henry,LAC,TE,12,7.916666666666667,12.516666666666666,12.85,10.225,3,10.877083333333333
Michael Gallup,DAL,WR,14,10.5,15.192857142857141,15.407142857142857,12.835714285714285,2,13.48392857142857
Aaron Rodgers,GNB,QB,16,17.375,17.4,18.275,17.65,1,17.674999999999997
Tyler Higbee,LAR,TE,15,6.066666666666666,10.693333333333333,10.893333333333334,8.393333333333334,3,9.011666666666667
D.J. Moore,CAR,WR,15,9.6,15.366666666666667,15.633333333333333,12.466666666666667,2,13.266666666666667
Robert Woods,LAR,WR,15,9.533333333333333,15.526666666666667,15.926666666666668,12.526666666666667,2,13.378333333333334
Carson Wentz,PHI,QB,16,17.25,17.24375,18.49375,17.68125,1,17.667187499999997
Raheem Mostert,SFO,RB,16,9.4375,10.325,10.825,9.8875,3,10.118749999999999
Dallas Goedert,PHI,TE,15,5.8,9.646666666666667,9.979999999999999,7.713333333333334,3,8.284999999999998
Le'Veon Bell,NYJ,RB,15,9.933333333333334,14.333333333333334,14.8,12.133333333333333,2,12.799999999999999
Mike Gesicki,MIA,TE,16,5.3125,8.5,8.75,6.90625,3,7.3671875
Calvin Ridley,ATL,WR,13,10.307692307692308,15.153846153846153,15.384615384615385,12.73076923076923,2,13.39423076923077
David Montgomery,CHI,RB,16,9.0625,10.65,11.15,9.86875,3,10.182812499999999
Terry McLaurin,WAS,WR,14,9.571428571428571,13.707142857142857,13.921428571428573,11.635714285714286,2,12.208928571428572
Tyler Boyd,CIN,WR,16,8.3125,13.93125,14.24375,11.11875,2,11.901562499999999
Matt Ryan,ATL,QB,15,17.8,17.82,19.486666666666668,18.753333333333334,1,18.465
Deebo Samuel,SFO,WR,15,8.8,12.606666666666666,13.073333333333332,10.706666666666667,2,11.296666666666667
Marvin Jones,DET,WR,13,10.153846153846153,14.915384615384616,15.146153846153847,12.53076923076923,2,13.186538461538463
Carlos Hyde,HOU,RB,16,8.9375,9.575,9.8875,9.2625,3,9.415624999999999
Tyreek Hill,KAN,WR,12,10.833333333333334,15.691666666666668,15.941666666666668,13.275,2,13.935416666666667
Davante Adams,GNB,WR,12,10.833333333333334,17.724999999999998,18.058333333333334,14.266666666666666,2,15.220833333333331
Sony Michel,NWE,RB,16,8.8125,9.5375,9.7875,9.1625,3,9.325000000000001
Tom Brady,NWE,QB,16,16.5,16.48125,17.23125,16.98125,1,16.798437500000002
Jason Witten,DAL,TE,16,4.8125,8.74375,8.99375,6.775,3,7.331250000000001
Jared Goff,LAR,QB,16,15.5,15.46875,16.96875,16.46875,2,16.1015625
Jimmy Garoppolo,SFO,QB,16,15.4375,15.45625,16.76875,16.26875,2,15.982812500000001
Derek Carr,OAK,QB,16,15.25,15.275,16.15,15.775,2,15.612499999999999
Kirk Cousins,MIN,QB,15,16.266666666666666,16.293333333333333,17.09333333333333,16.693333333333335,1,16.586666666666666
Ryan Fitzpatrick,MIA,QB,15,16.066666666666666,16.1,17.5,16.966666666666665,1,16.658333333333335
Philip Rivers,LAC,QB,16,14.75,14.71875,16.34375,15.96875,2,15.4453125
Baker Mayfield,CLE,QB,16,14.3125,14.325,16.1375,15.6375,2,15.103124999999999
Gardner Minshew II,JAX,QB,14,16.357142857142858,16.37142857142857,17.728571428571428,16.8,1,16.814285714285713
Drew Brees,NOR,QB,11,20.454545454545453,20.436363636363637,21.072727272727274,20.8,1,20.69090909090909
Ryan Tannehill,TEN,QB,12,18.666666666666668,18.683333333333334,19.933333333333334,19.183333333333334,1,19.116666666666667
Jacoby Brissett,IND,QB,15,14.466666666666667,14.513333333333332,15.646666666666667,14.879999999999999,2,14.876666666666665
Daniel Jones,NYG,QB,13,16.53846153846154,16.53846153846154,18.76923076923077,17.46153846153846,1,17.32692307692308
Andy Dalton,CIN,QB,13,15.615384615384615,15.669230769230769,17.284615384615385,16.707692307692305,2,16.31923076923077
Mitchell Trubisky,CHI,QB,15,13.533333333333333,13.520000000000001,14.72,14.186666666666667,2,13.99
Sam Darnold,NYJ,QB,13,14.538461538461538,14.553846153846154,16.015384615384615,15.553846153846154,2,15.165384615384614
Kyle Allen,CAR,QB,13,13.615384615384615,13.653846153846153,15.884615384615385,14.884615384615385,2,14.509615384615385
Matthew Stafford,DET,QB,8,20.875,20.825,22.2,21.45,1,21.337500000000002
Devonta Freeman,ATL,RB,14,9.928571428571429,14.114285714285714,14.685714285714285,12.007142857142856,2,12.68392857142857
Melvin Gordon,LAC,RB,12,11.583333333333334,15.066666666666668,15.816666666666668,13.316666666666668,2,13.945833333333335
Ronald Jones II,TAM,RB,16,8.4375,10.39375,10.89375,9.425,3,9.787500000000001
Adrian Peterson,WAS,RB,15,8.666666666666666,9.8,10.333333333333334,9.233333333333333,3,9.508333333333335
D.K. Metcalf,SEA,WR,16,8.0625,11.69375,12.06875,9.88125,3,10.426562500000001
James White,NWE,RB,15,8.533333333333333,13.346666666666666,13.813333333333333,10.946666666666665,2,11.659999999999998
Odell Beckham Jr.,CLE,WR,16,7.9375,12.58125,12.83125,10.26875,3,10.904687500000001
Emmanuel Sanders,2TM,WR,17,7.294117647058823,11.194117647058825,11.370588235294118,9.25294117647059,3,9.777941176470588
Latavius Murray,NOR,RB,16,7.6875,9.825,10.2,8.7625,3,9.118749999999999
Darius Slayton,NYG,WR,14,8.714285714285714,12.142857142857142,12.357142857142858,10.428571428571429,3,10.910714285714285
Jamison Crowder,NYJ,WR,16,7.5,12.35625,12.54375,9.91875,3,10.579687499999999
Devin Singletary,BUF,RB,12,9.916666666666666,12.325000000000001,12.908333333333333,11.116666666666667,2,11.566666666666666
Cole Beasley,BUF,WR,15,7.866666666666666,12.32,12.520000000000001,10.086666666666668,3,10.698333333333334
Curtis Samuel,CAR,WR,16,7.375,10.73125,11.10625,9.04375,3,9.564062499999999
Tevin Coleman,SFO,RB,14,8.142857142857142,9.671428571428573,10.1,8.921428571428573,3,9.208928571428572
James Conner,PIT,RB,10,11.2,14.55,15.25,12.85,2,13.4625
Mike Williams,LAC,WR,15,7.466666666666667,10.753333333333334,10.953333333333335,9.120000000000001,3,9.573333333333334
Damien Williams,KAN,RB,11,10.090909090909092,12.827272727272726,13.463636363636363,11.463636363636363,2,11.961363636363636
Robby Anderson,NYJ,WR,16,6.875,10.14375,10.33125,8.51875,3,8.967187500000001
Chris Conley,JAX,WR,16,6.875,9.78125,9.96875,8.3125,3,8.734375
Duke Johnson,HOU,RB,16,6.875,9.625,10.0625,8.25,3,8.703125
Mason Rudolph,PIT,QB,10,10.9,10.879999999999999,12.08,11.78,2,11.41
Jamaal Williams,GNB,RB,14,7.642857142857143,10.450000000000001,10.87857142857143,9.057142857142857,3,9.507142857142858
David Johnson,ARI,RB,13,8.153846153846153,10.884615384615385,11.423076923076923,9.5,3,9.990384615384617
Diontae Johnson,PIT,WR,16,6.5,10.19375,10.50625,8.35,3,8.887500000000001
Case Keenum,WAS,QB,10,10.3,10.35,11.45,10.85,3,10.737499999999999
Golden Tate,NYG,WR,11,9.363636363636363,13.836363636363636,14.2,11.60909090909091,2,12.252272727272727
Larry Fitzgerald,ARI,WR,16,6.375,11.0875,11.3375,8.74375,3,9.385937499999999
Breshad Perriman,TAM,WR,14,7.285714285714286,9.864285714285714,10.078571428571427,8.578571428571427,3,8.951785714285714
Peyton Barber,TAM,RB,16,6.3125,7.28125,7.71875,6.78125,3,7.0234375
Jordan Howard,PHI,RB,10,10.1,11.14,11.440000000000001,10.64,3,10.830000000000002
Tyrell Williams,OAK,WR,14,7.214285714285714,10.221428571428572,10.435714285714285,8.721428571428572,3,9.148214285714285
Marquise Brown,BAL,WR,14,7.142857142857143,10.457142857142857,10.671428571428573,8.814285714285715,3,9.271428571428572
Randall Cobb,DAL,WR,15,6.666666666666667,10.326666666666666,10.593333333333334,8.493333333333334,3,9.02
Christian Kirk,ARI,WR,13,7.6923076923076925,12.938461538461537,13.169230769230769,10.323076923076922,3,11.03076923076923
Royce Freeman,DEN,RB,16,6.1875,8.8875,9.2625,7.54375,3,7.9703124999999995
Mecole Hardman,KAN,WR,16,5.875,7.46875,7.78125,6.65625,3,6.9453125
Zach Pascal,IND,WR,16,5.875,8.45625,8.64375,7.175,3,7.5375000000000005
LeSean McCoy,KAN,RB,13,7.0,9.123076923076923,9.738461538461538,8.046153846153846,3,8.476923076923075
Dede Westbrook,JAX,WR,15,6.066666666666666,10.446666666666665,10.646666666666667,8.246666666666666,3,8.851666666666667
Teddy Bridgewater,NOR,QB,9,10.0,10.055555555555555,10.61111111111111,10.277777777777779,3,10.23611111111111
James Washington,PIT,WR,15,6.0,8.9,9.166666666666666,7.433333333333334,3,7.875
Sammy Watkins,KAN,WR,14,6.214285714285714,9.892857142857142,10.178571428571429,8.035714285714286,3,8.580357142857142
Gus Edwards,BAL,RB,16,5.375,5.7875,6.0375,5.56875,4,5.692187499999999
DeAndre Washington,OAK,RB,16,5.375,7.61875,7.99375,6.49375,3,6.870312500000001
Tarik Cohen,CHI,RB,16,5.3125,10.24375,10.61875,7.775,3,8.4875
Joe Flacco,DEN,QB,8,10.625,10.6125,11.9875,11.2375,3,11.115625000000001
Will Fuller,HOU,WR,11,7.7272727272727275,12.181818181818182,12.454545454545455,9.954545454545455,3,10.579545454545455
Marcus Mariota,TEN,QB,7,12.142857142857142,12.142857142857142,13.285714285714286,12.428571428571429,2,12.5
Hunter Renfrow,OAK,WR,13,6.538461538461538,10.26923076923077,10.5,8.384615384615385,3,8.923076923076923
Sterling Shepard,NYG,WR,10,8.5,14.180000000000001,14.48,11.33,2,12.122499999999999
Matt Breida,SFO,RB,13,6.461538461538462,7.946153846153846,8.484615384615385,7.2153846153846155,3,7.526923076923077
Adam Thielen,MIN,WR,10,8.4,11.440000000000001,11.74,9.940000000000001,3,10.380000000000003
Taysom Hill,NOR,QB,16,5.1875,6.3875,6.7625,5.79375,4,6.0328124999999995
Frank Gore,BUF,RB,16,5.125,5.93125,6.30625,5.525,4,5.721875000000001
T.Y. Hilton,IND,WR,10,8.0,12.51,12.809999999999999,10.26,3,10.894999999999998
Kenny Stills,HOU,WR,13,6.153846153846154,9.238461538461538,9.46923076923077,7.699999999999999,3,8.140384615384615
Danny Amendola,DET,WR,15,5.266666666666667,9.373333333333333,9.573333333333332,7.306666666666667,3,7.879999999999999
Alshon Jeffery,PHI,WR,10,7.9,12.22,12.52,10.07,3,10.6775
Dwayne Haskins,WAS,QB,9,8.555555555555555,8.522222222222222,10.18888888888889,9.3,3,9.141666666666666
Brandin Cooks,LAR,WR,14,5.428571428571429,8.392857142857142,8.607142857142858,6.892857142857143,3,7.330357142857143
Darren Fells,HOU,TE,16,4.75,6.88125,7.06875,5.81875,4,6.129687499999999
Anthony Miller,CHI,WR,16,4.75,7.96875,8.21875,6.34375,3,6.8203125
Steven Sims,WAS,WR,16,4.75,6.84375,7.03125,5.78125,4,6.1015625
Kerryon Johnson,DET,RB,8,9.375,10.625,11.5,10.0,3,10.375
Kyle Rudolph,MIN,TE,16,4.6875,7.10625,7.29375,5.8875,4,6.2437499999999995
Rex Burkhead,NWE,RB,13,5.6923076923076925,7.776923076923077,8.315384615384614,6.738461538461538,3,7.13076923076923
Nyheim Hines,IND,RB,16,4.625,7.36875,7.80625,5.99375,4,6.448437500000001
Tony Pollard,DAL,RB,15,4.933333333333334,5.946666666666667,6.413333333333333,5.446666666666667,4,5.6850000000000005
Boston Scott,PHI,RB,11,6.636363636363637,8.80909090909091,9.445454545454545,7.718181818181819,3,8.152272727272727
Corey Davis,TEN,WR,15,4.8,7.673333333333333,7.873333333333333,6.239999999999999,4,6.646666666666666
Phillip Dorsett,NWE,WR,14,5.142857142857143,7.2,7.414285714285714,6.164285714285714,4,6.480357142857143
Greg Olsen,CAR,TE,14,5.142857142857143,8.835714285714285,9.05,6.978571428571429,3,7.501785714285714
Chase Edmonds,ARI,RB,13,5.461538461538462,6.369230769230769,6.8307692307692305,5.907692307692307,4,6.142307692307693
Noah Fant,DEN,TE,16,4.4375,6.9375,7.1875,5.6875,4,6.0625
JuJu Smith-Schuster,PIT,WR,12,5.916666666666667,9.433333333333334,9.766666666666667,7.683333333333334,3,8.2
Jonnu Smith,TEN,TE,16,4.375,6.54375,6.73125,5.45,4,5.7749999999999995
Jack Doyle,IND,TE,16,4.3125,6.9875,7.175,5.64375,4,6.0296875000000005
Demarcus Robinson,KAN,WR,16,4.3125,6.30625,6.49375,5.30625,4,5.604687500000001
Kendrick Bourne,SFO,WR,16,4.25,6.1125,6.3,5.175,4,5.4593750000000005
Allen Lazard,GNB,WR,16,4.25,6.425,6.6125,5.33125,4,5.6546875000000005
Drew Lock,DEN,QB,5,13.6,13.6,15.0,14.2,2,14.100000000000001
Rashaad Penny,SEA,RB,10,6.7,7.529999999999999,7.93,7.13,3,7.3225
John Ross,CIN,WR,8,8.375,11.875,12.375,10.125,3,10.6875
Evan Engram,NYG,TE,8,8.125,13.675,14.05,10.925,2,11.693750000000001
Mohamed Sanu,2TM,WR,15,4.333333333333333,8.273333333333333,8.473333333333333,6.306666666666667,3,6.846666666666666
Tyler Eifert,CIN,TE,16,4.0,6.6625,6.85,5.31875,4,5.707812499999999
Ryan Griffin,NYJ,TE,13,4.923076923076923,7.538461538461538,7.769230769230769,6.230769230769231,4,6.615384615384615
Kareem Hunt,CLE,RB,8,8.0,12.675,13.425,10.3625,3,11.115625000000001
Willie Snead,BAL,WR,16,4.0,5.94375,6.13125,4.975,4,5.262499999999999
Jimmy Graham,GNB,TE,16,3.9375,6.29375,6.48125,5.10625,4,5.4546874999999995
Auden Tate,CIN,WR,12,5.166666666666667,8.458333333333334,8.791666666666666,6.791666666666667,3,7.302083333333333
Taylor Gabriel,CHI,WR,9,6.777777777777778,10.033333333333333,10.366666666666667,8.422222222222222,3,8.9
Preston Williams,MIA,WR,8,7.375,11.35,11.85,9.35,3,9.981250000000001
Alexander Mattison,MIN,RB,13,4.461538461538462,5.261538461538462,5.56923076923077,4.8769230769230765,4,5.042307692307693
Marquez Valdes-Scantling,GNB,WR,16,3.625,5.25625,5.44375,4.44375,4,4.692187499999999
Malcolm Brown,LAR,RB,14,4.071428571428571,4.2214285714285715,4.435714285714286,4.15,4,4.219642857142857
Jeff Driskel,DET,QB,3,19.0,19.366666666666667,22.7,20.533333333333335,1,20.4
Brian Hill,ATL,RB,12,4.75,5.6000000000000005,5.8500000000000005,5.183333333333334,4,5.345833333333334
Jaylen Samuels,PIT,RB,14,4.071428571428571,7.457142857142857,8.028571428571428,5.8500000000000005,4,6.351785714285715
Tajae Sharpe,TEN,WR,15,3.8,5.46,5.66,4.626666666666667,4,4.886666666666667
Eric Ebron,IND,TE,11,5.090909090909091,7.863636363636363,8.136363636363637,6.454545454545454,3,6.886363636363636
Ted Ginn Jr.,NOR,WR,16,3.5,5.36875,5.55625,4.43125,4,4.714062500000001
Nelson Agholor,PHI,WR,11,5.0,8.545454545454545,8.909090909090908,6.7727272727272725,3,7.306818181818182
Cameron Brate,TAM,TE,16,3.4375,5.69375,5.88125,4.56875,4,4.895312499999999
Keelan Cole,JAX,WR,16,3.4375,4.91875,5.10625,4.16875,4,4.4078124999999995
Blake Jarwin,DAL,TE,16,3.4375,5.34375,5.53125,4.375,4,4.671875
Benny Snell Jr.,PIT,RB,13,4.230769230769231,4.453846153846154,4.7615384615384615,4.338461538461538,4,4.4461538461538455
Jordan Akins,HOU,TE,16,3.375,5.6125,5.8,4.4875,4,4.8187500000000005
David Blough,DET,QB,5,10.8,11.08,12.88,12.18,2,11.735000000000001
Eli Manning,NYG,QB,4,13.5,13.6,15.85,14.85,2,14.450000000000001
Alex Erickson,CIN,WR,16,3.3125,6.0125,6.325,4.66875,4,5.0796874999999995
Gerald Everett,LAR,TE,13,4.076923076923077,6.907692307692307,7.138461538461538,5.484615384615385,4,5.901923076923077
Jacob Hollister,SEA,TE,11,4.818181818181818,8.536363636363637,8.80909090909091,6.672727272727273,3,7.209090909090909
Tre'Quan Smith,NOR,WR,11,4.818181818181818,6.490909090909091,6.763636363636365,5.672727272727273,4,5.9363636363636365
Darrel Williams,KAN,RB,12,4.416666666666667,5.6499999999999995,6.233333333333333,5.0249999999999995,4,5.33125
Allen Hurns,MIA,WR,14,3.7142857142857144,5.971428571428571,6.257142857142857,4.828571428571428,4,5.192857142857143
Dawson Knox,BUF,TE,15,3.466666666666667,5.3133333333333335,5.513333333333334,4.38,4,4.668333333333334
Chris Thompson,WAS,RB,11,4.7272727272727275,8.509090909090908,9.054545454545455,6.6,3,7.222727272727273
Will Dissly,SEA,TE,6,8.5,12.316666666666668,12.816666666666668,10.4,3,11.008333333333335
Devlin Hodges,PIT,QB,8,6.375,6.4125,7.9125,7.4125,3,7.028124999999999
Russell Gage,ATL,WR,16,3.125,6.175,6.425,4.64375,4,5.0921875000000005
Derrius Guice,WAS,RB,5,10.0,11.48,12.08,10.78,3,11.085
O.J. Howard,TAM,TE,14,3.5714285714285716,5.992857142857143,6.278571428571429,4.778571428571429,4,5.155357142857143
Adam Humphries,TEN,WR,12,4.166666666666667,7.208333333333333,7.458333333333333,5.666666666666667,4,6.125
J.D. McKissic,DET,RB,16,3.125,5.2375,5.6125,4.175,4,4.5375000000000005
T.J. Hockenson,DET,TE,12,4.083333333333333,6.7250000000000005,6.9750000000000005,5.391666666666667,4,5.79375
Demaryius Thomas,NYJ,WR,11,4.454545454545454,7.754545454545454,8.027272727272727,6.118181818181818,4,6.588636363636363
Olabisi Johnson,MIN,WR,16,3.0,4.9375,5.125,3.96875,4,4.2578125
Mike Boone,MIN,RB,16,2.9375,3.125,3.3125,3.03125,4,3.1015625
Josh Gordon,2TM,WR,11,4.2727272727272725,6.7,7.0636363636363635,5.5636363636363635,4,5.8999999999999995
Hayden Hurst,BAL,TE,16,2.9375,4.80625,4.99375,3.86875,4,4.1515625
Foster Moreau,OAK,TE,13,3.6153846153846154,5.261538461538462,5.492307692307692,4.453846153846154,4,4.705769230769231
Jalen Richard,OAK,RB,16,2.9375,5.175,5.55,4.05,4,4.4281250000000005
Jordan Wilkins,IND,RB,14,3.357142857142857,3.857142857142857,4.071428571428571,3.607142857142857,4,3.7232142857142856
Vance McDonald,PIT,TE,14,3.2857142857142856,5.964285714285714,6.178571428571429,4.607142857142857,4,5.008928571428571
Albert Wilson,MIA,WR,13,3.5384615384615383,6.876923076923077,7.107692307692308,5.223076923076923,4,5.686538461538462
Patrick Laird,MIA,RB,15,3.0,4.546666666666667,4.946666666666667,3.7800000000000002,4,4.068333333333333
Ricky Seals-Jones,CLE,TE,14,3.2142857142857144,4.207142857142857,4.492857142857143,3.707142857142857,4,3.905357142857143
Kaden Smith,NYG,TE,9,5.0,8.422222222222222,8.755555555555555,6.699999999999999,3,7.219444444444444
Nick Boyle,BAL,TE,16,2.75,4.69375,4.88125,3.725,4,4.0125
Jeff Wilson,SFO,RB,10,4.4,4.6899999999999995,4.99,4.54,4,4.655
David Moore,SEA,WR,14,3.0714285714285716,4.257142857142857,4.542857142857143,3.65,4,3.880357142857143
Irv Smith Jr.,MIN,TE,16,2.6875,4.94375,5.13125,3.81875,4,4.1453125
Brandon Bolden,NWE,RB,15,2.8,3.393333333333333,3.5933333333333333,3.0933333333333333,4,3.22
Justice Hill,BAL,RB,16,2.625,3.09375,3.28125,2.84375,4,2.9609375
Cody Latimer,NYG,WR,15,2.8,4.4,4.6,3.6,4,3.85
Matt Moore,KAN,QB,6,7.0,7.05,7.55,7.05,3,7.1625000000000005
Bo Scarbrough,DET,RB,6,7.0,7.2,7.866666666666667,7.116666666666667,3,7.295833333333333
Geronimo Allison,GNB,WR,16,2.5625,4.7125,4.9625,3.65,4,3.9718750000000003
Josh Hill,NOR,TE,16,2.5625,4.1,4.2875,3.31875,4,3.5671874999999997
Dion Lewis,TEN,RB,16,2.5625,4.14375,4.58125,3.3625,4,3.6624999999999996
Josh Reynolds,LAR,WR,16,2.5625,3.86875,4.05625,3.2125,4,3.4250000000000003
Damiere Byrd,ARI,WR,11,3.6363636363636362,6.536363636363637,6.9,5.081818181818182,4,5.538636363636364
Marcus Johnson,IND,WR,8,5.0,7.0875,7.4625,6.025,4,6.393750000000001
Dare Ogunbowale,TAM,RB,16,2.5,4.70625,4.95625,3.6125,4,3.9437499999999996
Seth Roberts,BAL,WR,16,2.4375,3.75625,3.94375,3.1,4,3.3093749999999997
Kalen Ballage,MIA,RB,12,3.1666666666666665,4.316666666666666,4.566666666666666,3.733333333333333,4,3.945833333333333
Giovani Bernard,CIN,RB,16,2.375,4.275,4.7125,3.3375,4,3.6750000000000003
Miles Boykin,BAL,WR,16,2.375,3.175,3.3625,2.76875,4,2.9203124999999996
Nick Foles,JAX,QB,4,9.5,9.425,11.175,9.925,3,10.006250000000001
Ryquell Armstead,JAX,RB,16,2.3125,3.2,3.575,2.7625,4,2.9625000000000004
Wayne Gallman,NYG,RB,10,3.7,4.82,5.5200000000000005,4.2700000000000005,4,4.5775
Kelvin Harmon,WAS,WR,16,2.3125,4.18125,4.36875,3.24375,4,3.5265625000000003
Paul Richardson,WAS,WR,10,3.7,6.45,6.75,5.05,4,5.4875
DaeSean Hamilton,DEN,WR,16,2.25,3.98125,4.16875,3.10625,4,3.3765625000000004
Ty Johnson,DET,RB,16,2.25,3.7625,4.2,3.0125,4,3.3062500000000004
Isaiah McKenzie,BUF,WR,15,2.4,4.22,4.42,3.32,4,3.59
Jakobi Meyers,NWE,WR,15,2.4,4.126666666666667,4.326666666666667,3.26,4,3.5283333333333338
C.J. Uzomah,CIN,TE,16,2.25,3.95,4.1375,3.10625,4,3.3609375000000004
Demetrius Harris,CLE,TE,15,2.3333333333333335,3.3266666666666667,3.5266666666666664,2.8266666666666667,4,3.0033333333333334
Jonathan Williams,IND,RB,9,3.888888888888889,4.488888888888889,4.822222222222222,4.211111111111111,4,4.352777777777778
Tavon Austin,DAL,WR,14,2.4285714285714284,3.3857142857142857,3.6,2.9214285714285713,4,3.0839285714285714
Delanie Walker,TEN,TE,7,4.857142857142857,7.785714285714286,8.214285714285714,6.285714285714286,3,6.785714285714285
Brandon Allen,DEN,QB,3,11.0,10.833333333333334,12.5,11.5,2,11.458333333333334
Marvin Hall,DET,WR,9,3.6666666666666665,4.422222222222222,4.7555555555555555,4.033333333333333,4,4.219444444444445
Matt Schaub,ATL,QB,6,5.5,5.483333333333333,6.316666666666666,5.6499999999999995,4,5.7375
Jaron Brown,SEA,WR,14,2.2857142857142856,3.4285714285714284,3.7142857142857144,2.857142857142857,4,3.071428571428571
Vyncint Smith,NYJ,WR,13,2.4615384615384617,3.746153846153846,4.053846153846154,3.0923076923076924,4,3.338461538461538
Greg Ward,PHI,WR,7,4.571428571428571,8.557142857142857,8.985714285714286,6.557142857142857,3,7.167857142857143
Pharoh Cooper,2TM,WR,13,2.3846153846153846,4.269230769230769,4.5,3.3076923076923075,4,3.615384615384615
Keke Coutee,HOU,WR,9,3.4444444444444446,5.866666666666666,6.311111111111111,4.644444444444444,4,5.066666666666666
Kyle Juszczyk,SFO,RB,12,2.5833333333333335,4.216666666666667,4.466666666666667,3.3833333333333333,4,3.6625
Malik Turner,SEA,WR,15,2.066666666666667,3.033333333333333,3.2333333333333334,2.533333333333333,5,2.7166666666666663
Charles Clay,ARI,TE,15,2.0,3.18,3.3800000000000003,2.58,5,2.785
Qadree Ollison,ATL,RB,8,3.75,3.8375,3.8375,3.775,4,3.8000000000000003
Chester Rogers,IND,WR,12,2.5,3.8083333333333336,4.141666666666667,3.141666666666667,4,3.3979166666666667
Jeremy Sprinkle,WAS,TE,16,1.875,3.50625,3.69375,2.69375,4,2.9421874999999997
Jarius Wright,CAR,WR,16,1.8125,3.55625,3.74375,2.68125,4,2.9484375000000003
DeSean Jackson,PHI,WR,3,9.333333333333334,12.299999999999999,13.299999999999999,10.799999999999999,2,11.433333333333332
Jake Kumerow,GNB,WR,14,2.0,2.85,3.064285714285714,2.4214285714285713,5,2.5839285714285714
Scott Miller,TAM,WR,10,2.8,4.0600000000000005,4.36,3.41,4,3.6575
Justin Watson,TAM,WR,16,1.75,2.68125,2.86875,2.2125,5,2.3781250000000003
Jakeem Grant,MIA,WR,10,2.7,4.59,4.99,3.6399999999999997,4,3.9800000000000004
N'Keal Harry,NWE,WR,7,3.857142857142857,5.628571428571428,6.057142857142857,4.771428571428571,4,5.078571428571428
James O'Shaughnessy,JAX,TE,5,5.4,8.26,8.86,6.859999999999999,3,7.345
Mark Walton,MIA,RB,7,3.857142857142857,6.0,6.571428571428571,4.928571428571429,4,5.339285714285715
Chase Daniel,CHI,QB,3,8.666666666666666,8.666666666666666,10.333333333333334,9.333333333333334,3,9.25
Anthony Firkser,TEN,TE,15,1.7333333333333334,2.6933333333333334,2.893333333333333,2.2266666666666666,5,2.3866666666666667
Isaiah Ford,MIA,WR,8,3.25,6.0625,6.4375,4.625,4,5.09375
Marquise Goodwin,SFO,WR,9,2.888888888888889,4.233333333333333,4.566666666666666,3.566666666666667,4,3.8138888888888887
Dontrell Hilliard,CLE,RB,14,1.8571428571428572,2.7214285714285715,2.7214285714285715,2.292857142857143,5,2.398214285714286
Andy Isabella,ARI,WR,15,1.7333333333333334,2.36,2.56,2.06,5,2.1783333333333337
Bilal Powell,NYJ,RB,13,2.0,2.553846153846154,2.784615384615385,2.2846153846153845,5,2.4057692307692307
Trey Quinn,WAS,WR,12,2.1666666666666665,4.316666666666666,4.6499999999999995,3.233333333333333,4,3.5916666666666663
Damion Ratley,CLE,WR,13,2.0,2.923076923076923,3.1538461538461537,2.4615384615384617,5,2.6346153846153846
Maxx Williams,ARI,TE,16,1.625,2.575,2.7625,2.10625,5,2.2671875000000004
Dan Arnold,2TM,TE,5,5.0,6.540000000000001,7.140000000000001,5.74,4,6.105
Ryan Finley,CIN,QB,3,8.333333333333334,8.233333333333333,10.9,8.9,3,9.091666666666667
KeeSean Johnson,ARI,WR,10,2.5,4.6,5.0,3.55,4,3.9124999999999996
Cordarrelle Patterson,CHI,WR,16,1.5625,2.225,2.4125,1.88125,5,2.0203125
Ito Smith,ATL,RB,7,3.5714285714285716,5.185714285714285,5.614285714285714,4.4,4,4.692857142857143
Javon Wims,CHI,WR,16,1.5625,2.6625,2.85,2.1,5,2.2937499999999997
Ameer Abdullah,MIN,RB,16,1.5,2.45625,2.70625,1.9875,5,2.1625
Myles Gaskin,MIA,RB,7,3.4285714285714284,4.485714285714286,4.914285714285714,3.9857142857142853,4,4.203571428571428
Dante Pettis,SFO,WR,11,2.1818181818181817,3.1363636363636362,3.409090909090909,2.6363636363636362,4,2.840909090909091
Laquon Treadwell,MIN,WR,13,1.8461538461538463,2.569230769230769,2.8,2.223076923076923,5,2.3596153846153847
Olamide Zaccheaus,ATL,WR,10,2.4,2.65,2.95,2.5,5,2.625
JJ Arcega-Whiteside,PHI,WR,16,1.4375,2.05625,2.24375,1.74375,5,1.8703124999999998
Reggie Bonnafon,CAR,RB,16,1.4375,1.83125,2.01875,1.64375,5,1.7328124999999999
Rhett Ellison,NYG,TE,10,2.3,4.07,4.37,3.17,4,3.4775
Bennie Fowler,NYG,WR,8,2.875,5.7875,6.1625,4.35,4,4.793749999999999
Byron Pringle,KAN,WR,16,1.4375,2.1875,2.375,1.8125,5,1.953125
Darwin Thompson,KAN,RB,12,1.9166666666666667,2.6750000000000003,2.9250000000000003,2.3000000000000003,5,2.454166666666667
Logan Thomas,DET,TE,16,1.4375,2.45625,2.64375,1.95625,5,2.1234375
Duke Williams,BUF,WR,4,5.75,8.65,9.4,7.15,3,7.737500000000001
Justin Jackson,LAC,RB,7,3.142857142857143,4.457142857142857,4.885714285714286,3.814285714285714,4,4.075
Zay Jones,2TM,WR,15,1.4666666666666666,3.26,3.46,2.36,5,2.6366666666666667
Marcedes Lewis,GNB,TE,16,1.375,2.2875,2.475,1.81875,5,1.9890625000000002
Tim Patrick,DEN,WR,8,2.75,4.725,5.1,3.725,4,4.075
Ross Dwelley,SFO,TE,16,1.3125,2.25625,2.25625,1.7875,5,1.9031250000000002
Jaeden Graham,ATL,TE,16,1.3125,1.86875,2.05625,1.5875,5,1.7062499999999998
C.J. Ham,MIN,RB,16,1.3125,2.35,2.6,1.81875,5,2.0203125
Brian Hoyer,IND,QB,4,5.25,5.275,7.275,6.275,4,6.018750000000001
Kalif Raymond,TEN,WR,8,2.625,3.6875,4.1875,3.125,4,3.40625
Parris Campbell,IND,WR,7,2.857142857142857,5.442857142857143,6.014285714285714,4.1571428571428575,4,4.617857142857143
Derek Carrier,OAK,TE,16,1.25,2.03125,2.21875,1.625,5,1.78125
Trevor Davis,3TM,WR,14,1.4285714285714286,2.0285714285714285,2.3857142857142857,1.7428571428571427,5,1.8964285714285716
Justin Hardy,ATL,WR,16,1.25,2.40625,2.59375,1.8125,5,2.015625
Richie James,SFO,WR,16,1.25,1.65,1.9,1.4625,5,1.5656249999999998
Ian Thomas,CAR,TE,16,1.25,2.225,2.4125,1.725,5,1.9031250000000002
Matt LaCosse,NWE,TE,11,1.7272727272727273,2.9181818181818184,3.190909090909091,2.3272727272727276,5,2.540909090909091
Ty Montgomery,NYJ,RB,16,1.1875,2.01875,2.20625,1.6125,5,1.7562499999999999
C.J. Prosise,SEA,RB,9,2.111111111111111,3.2,3.3111111111111113,2.6444444444444444,4,2.816666666666667
Vernon Davis,WAS,TE,4,4.5,7.075,7.825,5.825,4,6.3062499999999995
Darrell Henderson,LAR,RB,13,1.3846153846153846,1.723076923076923,1.9538461538461538,1.5692307692307692,5,1.6576923076923076
Dontrelle Inman,2TM,WR,7,2.5714285714285716,4.3,4.728571428571429,3.442857142857143,4,3.760714285714286
Josh Rosen,MIA,QB,6,3.0,3.0,4.333333333333333,3.8333333333333335,4,3.5416666666666665
Jeff Heuerman,DEN,TE,14,1.2142857142857142,2.242857142857143,2.457142857142857,1.7428571428571427,5,1.9142857142857144
Travis Homer,SEA,RB,16,1.0625,1.75,1.9375,1.40625,5,1.5390625
Ryan Izzo,NWE,TE,6,2.8333333333333335,3.9,4.3999999999999995,3.4,4,3.6333333333333333
A.J. McCarron,HOU,QB,2,8.5,8.45,8.95,8.95,3,8.712499999999999
Cam Newton,CAR,QB,2,8.5,8.35,11.35,8.85,3,9.262500000000001
Nick O'Leary,2TM,TE,12,1.4166666666666667,2.4916666666666667,2.7416666666666667,1.95,5,2.15
Devin Smith,DAL,WR,4,4.25,5.575,6.325,4.95,4,5.2749999999999995
Nick Vannett,2TM,TE,16,1.0625,2.1,2.2875,1.56875,5,1.7546875000000002
Ben Watson,NWE,TE,10,1.7,3.4299999999999997,3.7299999999999995,2.58,4,2.86
T.J. Yeldon,BUF,RB,6,2.8333333333333335,4.95,5.616666666666667,3.8666666666666667,4,4.316666666666666
Andrew Beck,DEN,RB,16,1.0,1.53125,1.53125,1.25,5,1.328125
Robert Griffin III,BAL,QB,7,2.2857142857142856,2.2857142857142856,2.5714285714285716,2.5714285714285716,5,2.4285714285714284
Hale Hentges,WAS,TE,11,1.4545454545454546,2.209090909090909,2.481818181818182,1.8454545454545455,5,1.9977272727272728
Robert Tonyan,GNB,TE,11,1.4545454545454546,2.3636363636363638,2.6363636363636362,1.9090909090909092,5,2.090909090909091
Joshua Perkins,PHI,TE,5,3.0,4.74,4.74,3.84,4,4.08
MyCole Pruitt,TEN,TE,16,0.9375,1.3125,1.3125,1.125,5,1.171875
Wendell Smallwood,WAS,RB,15,1.0,1.5666666666666667,1.5666666666666667,1.2666666666666666,5,1.3499999999999999
DeAndre Carter,HOU,WR,16,0.875,1.575,1.825,1.23125,5,1.3765625000000001
Seth Devalve,JAX,TE,12,1.1666666666666667,2.1666666666666665,2.4166666666666665,1.6666666666666667,5,1.8541666666666667
Trey Edmunds,PIT,RB,11,1.2727272727272727,1.8181818181818181,1.8181818181818181,1.5454545454545454,5,1.6136363636363638
Virgil Green,LAC,TE,15,0.9333333333333333,1.52,1.52,1.22,5,1.2983333333333333
Wes Hills,DET,RB,1,14.0,16.2,16.2,15.2,2,15.399999999999999
Jesse James,DET,TE,16,0.875,1.8875,2.075,1.3875,5,1.5562500000000001
Daniel Brown,NYJ,TE,16,0.8125,1.2625,1.2625,1.04375,5,1.0953125000000001
Keelan Doss,OAK,WR,8,1.625,3.0375,3.4125,2.35,5,2.6062499999999997
Rico Gafford,OAK,WR,4,3.25,3.65,3.65,3.4,4,3.4875000000000003
Mack Hollins,2TM,WR,16,0.8125,1.40625,1.59375,1.09375,5,1.2265625
Jesper Horsted,CHI,TE,6,2.1666666666666665,3.4499999999999997,3.6166666666666667,2.783333333333333,4,3.0041666666666664
Tyler Kroft,BUF,TE,11,1.1818181818181819,1.7363636363636366,1.7363636363636366,1.4636363636363638,5,1.5295454545454548
Ben Roethlisberger,PIT,QB,2,6.5,6.35,8.35,6.85,3,7.012499999999999
Kerrith Whyte Jr,PIT,RB,6,2.1666666666666665,2.35,2.85,2.2666666666666666,5,2.408333333333333
Ben Braunecker,CHI,TE,11,1.0909090909090908,1.6272727272727272,1.6272727272727272,1.3545454545454545,5,1.4249999999999998
Antonio Brown,NWE,WR,1,12.0,16.1,16.1,14.1,2,14.575000000000001
Deon Cain,2TM,WR,13,0.9230769230769231,1.646153846153846,1.876923076923077,1.2999999999999998,5,1.4365384615384615
Rashard Higgins,CLE,WR,10,1.2,1.55,1.55,1.35,5,1.4125
Alec Ingold,OAK,RB,16,0.75,1.13125,1.13125,0.94375,5,0.9890625000000001
Javorius Allen,NYG,RB,10,1.1,1.15,1.15,1.1,5,1.125
Stephen Carlson,CLE,TE,9,1.2222222222222223,1.788888888888889,1.788888888888889,1.511111111111111,5,1.5777777777777777
Darren Sproles,PHI,RB,6,1.8333333333333333,2.8333333333333335,2.8333333333333335,2.3333333333333335,5,2.4583333333333335
Tommy Sweeney,BUF,TE,6,1.8333333333333333,3.233333333333333,3.733333333333333,2.566666666666667,4,2.8416666666666663
Brandon Zylstra,CAR,WR,8,1.375,2.325,2.7,1.825,5,2.05625
Marcell Ateman,OAK,WR,11,0.9090909090909091,1.3272727272727272,1.6909090909090911,1.0999999999999999,5,1.2568181818181818
Braxton Berrios,NYJ,WR,16,0.625,0.96875,1.21875,0.78125,5,0.8984375
Troy Fumagalli,DEN,TE,11,0.9090909090909091,1.4363636363636365,1.4363636363636365,1.1636363636363638,5,1.2363636363636366
Deonte Harris,NOR,WR,14,0.7142857142857143,1.1071428571428572,1.1785714285714286,0.8928571428571429,5,0.9732142857142857
Andy Janovich,DEN,RB,7,1.4285714285714286,2.185714285714286,2.185714285714286,1.8285714285714287,5,1.9071428571428575
T.J. Jones,NYG,WR,3,3.3333333333333335,4.266666666666667,4.266666666666667,3.766666666666667,4,3.9083333333333337
JJ Nelson,OAK,WR,2,5.0,6.8,6.8,5.8,4,6.1000000000000005
David Njoku,CLE,TE,4,2.5,3.775,3.775,3.15,4,3.3000000000000003
Danny Vitale,GNB,RB,15,0.6666666666666666,1.1333333333333333,1.1333333333333333,0.9,5,0.9583333333333333
Derek Watt,LAC,RB,16,0.625,0.825,0.825,0.73125,5,0.7515624999999999
Mo Alie-Cox,IND,TE,16,0.5625,1.08125,1.08125,0.83125,5,0.8890625000000001
Kenjon Barner,ATL,RB,14,0.6428571428571429,1.0785714285714285,1.1500000000000001,0.8642857142857142,5,0.9339285714285716
Christian Blake,ATL,WR,9,1.0,2.2333333333333334,2.2333333333333334,1.6222222222222222,5,1.7722222222222221
Antonio Callaway,CLE,WR,4,2.25,4.225,4.225,3.225,4,3.4812499999999997
Luke Falk,NYJ,QB,3,3.0,2.8666666666666667,5.2,3.8666666666666667,4,3.7333333333333334
Robert Foster,BUF,WR,13,0.6923076923076923,0.9461538461538462,0.9461538461538462,0.8307692307692308,5,0.8538461538461539
J.P. Holtz,2TM,TE,15,0.6,1.0733333333333335,1.0733333333333335,0.84,5,0.8966666666666667
D'Ernest Johnson,CLE,RB,16,0.5625,0.95,0.95,0.7625,5,0.8062499999999999
Marshawn Lynch,SEA,RB,1,9.0,9.4,9.4,9.4,3,9.299999999999999
Lee Smith,BUF,TE,16,0.5625,0.81875,0.81875,0.69375,5,0.7234375000000001
Alex Armah,CAR,RB,16,0.5,0.60625,0.60625,0.54375,5,0.5640624999999999
Nick Bellore,SEA,RB,14,0.5714285714285714,0.7357142857142858,0.7357142857142858,0.6642857142857144,5,0.6767857142857143
Ventell Bryant,DAL,WR,12,0.6666666666666666,0.7083333333333334,0.7083333333333334,0.6666666666666666,5,0.6875
Trey Burton,CHI,TE,8,1.0,2.8,2.8,1.925,5,2.13125
KhaDarel Hodge,CLE,WR,16,0.5,0.725,0.725,0.6,5,0.6375000000000001
Trent Sherfield,ARI,WR,16,0.5,0.75,0.75,0.625,5,0.65625
Damion Willis,CIN,WR,10,0.8,1.72,1.72,1.27,5,1.3775
Luke Willson,SEA,TE,8,1.0,1.9875,1.9875,1.4875,5,1.6156249999999999
Chad Beebe,MIN,WR,3,2.3333333333333335,3.0,3.0,2.6666666666666665,5,2.75
Blake Bell,KAN,TE,15,0.4666666666666667,0.98,0.98,0.7133333333333333,5,0.785
Devontae Booker,DEN,RB,16,0.4375,0.7875,0.7875,0.6,5,0.6531250000000001
Tra Carson,2TM,RB,3,2.3333333333333335,3.533333333333333,3.533333333333333,2.8666666666666667,4,3.066666666666667
Cethan Carter,CIN,RB,15,0.4666666666666667,0.62,0.62,0.5533333333333333,5,0.565
Chris Hogan,CAR,WR,7,1.0,2.1,2.1,1.5285714285714285,5,1.6821428571428572
Troymaine Pope,LAC,RB,14,0.5,0.6714285714285715,0.7428571428571429,0.6,5,0.6285714285714286
Riley Ridley,CHI,WR,5,1.4,2.58,2.58,1.98,5,2.1350000000000002
Adam Shaheen,CHI,TE,8,0.875,2.05,2.175,1.4875,5,1.6468749999999999
Durham Smythe,MIA,TE,16,0.4375,0.84375,0.84375,0.625,5,0.6875
Geoff Swaim,JAX,TE,6,1.1666666666666667,3.25,3.25,2.1666666666666665,5,2.4583333333333335
Spencer Ware,KAN,RB,3,2.3333333333333335,4.1000000000000005,4.1000000000000005,3.266666666666667,4,3.4500000000000006
Dwayne Washington,NOR,RB,16,0.4375,0.475,0.475,0.44375,5,0.45781249999999996
Matt Barkley,BUF,QB,2,3.0,3.0,6.5,4.5,4,4.25
Tyler Conklin,MIN,TE,15,0.4,0.92,0.92,0.6533333333333334,5,0.7233333333333334
Brett Hundley,ARI,QB,3,2.0,2.033333333333333,2.033333333333333,2.033333333333333,5,2.025
Tevin Jones,PIT,WR,5,1.2,2.02,2.02,1.6199999999999999,5,1.715
Chris Lacy,DET,WR,7,0.8571428571428571,1.2857142857142858,1.2857142857142858,1.0714285714285714,5,1.125
Zach Line,NOR,RB,12,0.5,0.9666666666666667,0.9666666666666667,0.7166666666666667,5,0.7875000000000001
Andre Patton,LAC,WR,13,0.46153846153846156,0.8923076923076922,0.8923076923076922,0.6615384615384615,5,0.7269230769230769
Tyrod Taylor,LAC,QB,8,0.75,0.75,0.75,0.75,5,0.75
Clive Walford,MIA,TE,7,0.8571428571428571,1.4428571428571428,1.4428571428571428,1.157142857142857,5,1.225
Khari Blasingame,TEN,RB,6,0.8333333333333334,1.5666666666666667,1.5666666666666667,1.2333333333333334,5,1.3
Deontay Burnett,PHI,WR,1,5.0,6.8,6.8,5.8,4,6.1000000000000005
Mike Davis,2TM,RB,12,0.4166666666666667,0.9916666666666667,0.9916666666666667,0.7000000000000001,5,0.7750000000000001
Patrick DiMarco,BUF,RB,16,0.3125,0.6125,0.6125,0.45625,5,0.49843750000000003
Jon Hilliman,NYG,RB,3,1.6666666666666667,2.733333333333333,3.4,2.2333333333333334,5,2.508333333333333
Alexander Hollins,MIN,WR,4,1.25,1.65,1.65,1.4,5,1.4874999999999998
Taiwan Jones,HOU,RB,11,0.45454545454545453,0.5363636363636364,0.5363636363636364,0.49090909090909096,5,0.5045454545454546
Lance Kendricks,LAC,TE,12,0.4166666666666667,0.6666666666666666,0.6666666666666666,0.5416666666666666,5,0.5729166666666666
Devine Ozigbo,JAX,RB,10,0.5,0.8,0.8,0.65,5,0.6875
Elijhaa Penny,NYG,RB,16,0.3125,0.425,0.425,0.3625,5,0.38125000000000003
Luke Stocker,ATL,TE,15,0.3333333333333333,0.8866666666666667,0.8866666666666667,0.62,5,0.6816666666666666
Trevon Wesco,NYJ,TE,16,0.3125,0.43125,0.43125,0.36875,5,0.38593750000000004
DeAndrew White,CAR,WR,10,0.5,0.9099999999999999,0.9099999999999999,0.71,5,0.7575
Cedrick Wilson,DAL,WR,6,0.8333333333333334,1.5999999999999999,1.5999999999999999,1.1833333333333333,5,1.3041666666666667
Deon Yelder,KAN,TE,9,0.5555555555555556,0.8888888888888888,0.8888888888888888,0.7222222222222222,5,0.7638888888888888
C.J. Anderson,DET,RB,2,2.0,2.15,2.15,2.15,5,2.1125000000000003
Geremy Davis,LAC,WR,7,0.5714285714285714,0.9714285714285714,0.9714285714285714,0.7571428571428571,5,0.8178571428571428
Mike Glennon,OAK,QB,2,2.0,2.1,2.6,2.1,5,2.1999999999999997
Colt McCoy,WAS,QB,1,4.0,4.3,5.3,5.3,4,4.7250000000000005
Steven Mitchell,HOU,WR,3,1.3333333333333333,1.9000000000000001,1.9000000000000001,1.5666666666666667,5,1.675
Jason Moore,LAC,WR,10,0.4,0.63,0.63,0.53,5,0.5475000000000001
Paul Perkins,DET,RB,4,1.0,1.2,1.2,1.075,5,1.1187500000000001
Jay Ajayi,PHI,RB,3,1.0,1.0,1.0,1.0,5,1.0
Travis Benjamin,LAC,WR,5,0.6,1.8,1.8,1.2,5,1.35
C.J. Board,JAX,WR,4,0.75,1.275,1.275,1.025,5,1.0812499999999998
Pharaoh Brown,CLE,TE,9,0.3333333333333333,0.5222222222222223,0.5222222222222223,0.41111111111111115,5,0.44722222222222224
Cody Core,NYG,WR,16,0.1875,0.3625,0.3625,0.26875,5,0.29531250000000003
Dalyn Dawkins,TEN,RB,2,1.5,1.3,1.3,1.3,5,1.3499999999999999
Devin Funchess,IND,WR,1,3.0,6.2,6.2,4.7,4,5.0249999999999995
Johnny Holton,PIT,WR,16,0.1875,0.375,0.375,0.28125,5,0.3046875
Tanner Hudson,TAM,TE,9,0.3333333333333333,0.5111111111111111,0.5111111111111111,0.4,5,0.4388888888888889
Ishmael Hyman,TAM,WR,2,1.5,2.7,2.7,2.2,5,2.2750000000000004
Jordan Matthews,2TM,WR,3,1.0,2.433333333333333,2.433333333333333,1.7666666666666666,5,1.9083333333333332
Codey McElroy,TAM,WR,1,3.0,4.0,4.0,3.5,4,3.625
Johnny Mundt,LAR,TE,13,0.23076923076923078,0.5076923076923077,0.5076923076923077,0.3538461538461538,5,0.4
Andre Roberts,BUF,WR,13,0.23076923076923078,0.43846153846153846,0.43846153846153846,0.3230769230769231,5,0.3576923076923077
Drew Sample,CIN,TE,9,0.3333333333333333,0.8888888888888888,0.8888888888888888,0.6111111111111112,5,0.6805555555555555
Da'Mari Scott,NYG,WR,5,0.6,0.9400000000000001,0.9400000000000001,0.74,5,0.8049999999999999
Russell Shepard,NYG,WR,3,1.0,1.8333333333333333,1.8333333333333333,1.3333333333333333,5,1.4999999999999998
Anthony Sherman,KAN,RB,16,0.1875,0.31875,0.31875,0.25625,5,0.27031249999999996
Cam Sims,WAS,WR,7,0.42857142857142855,0.6714285714285715,0.6714285714285715,0.5285714285714286,5,0.5750000000000001
Ryan Switzer,PIT,WR,9,0.3333333333333333,1.1888888888888889,1.1888888888888889,0.7444444444444445,5,0.8638888888888889
Ross Travis,IND,TE,3,1.0,2.3666666666666667,2.6999999999999997,1.7,5,1.9416666666666667
Nick Bawden,DET,RB,10,0.2,0.5700000000000001,0.5700000000000001,0.37,5,0.4275
Josh Bellamy,NYJ,WR,7,0.2857142857142857,0.5714285714285714,0.5714285714285714,0.42857142857142855,5,0.46428571428571425
Fred Brown,DEN,WR,13,0.15384615384615385,0.3153846153846154,0.3153846153846154,0.23846153846153847,5,0.25576923076923075
Michael Crabtree,ARI,WR,2,1.0,3.1,3.1,2.1,5,2.3249999999999997
Rashard Davis,TEN,WR,1,2.0,2.6,2.6,2.1,5,2.3249999999999997
Robert Davis,2TM,WR,6,0.3333333333333333,0.6166666666666667,0.6166666666666667,0.45,5,0.5041666666666667
Ashton Dulin,IND,WR,13,0.15384615384615385,0.2846153846153846,0.2846153846153846,0.2076923076923077,5,0.2326923076923077
Tyler Ervin,2TM,RB,10,0.2,0.41,0.41,0.31,5,0.3325
Darius Jennings,TEN,WR,8,0.25,0.4625,0.4625,0.3375,5,0.37812500000000004
Marqise Lee,JAX,WR,6,0.3333333333333333,0.8166666666666668,0.8166666666666668,0.5666666666666667,5,0.6333333333333333
T.J. Logan,TAM,RB,12,0.16666666666666666,0.35833333333333334,0.35833333333333334,0.27499999999999997,5,0.2895833333333333
Donte Moncrief,2TM,WR,8,0.25,0.725,0.725,0.475,5,0.54375
Chris Moore,BAL,WR,14,0.14285714285714285,0.36428571428571427,0.36428571428571427,0.2571428571428572,5,0.28214285714285714
Stanley Morgan Jr.,CIN,WR,11,0.18181818181818182,0.43636363636363634,0.43636363636363634,0.3,5,0.3386363636363636
Josh Oliver,JAX,TE,4,0.5,1.125,1.125,0.75,5,0.875
Samaje Perine,2TM,RB,7,0.2857142857142857,0.2285714285714286,0.2285714285714286,0.2285714285714286,5,0.24285714285714288
Eric Saubert,CHI,TE,2,1.0,2.05,2.05,1.55,5,1.6624999999999999
Keith Smith,ATL,RB,16,0.125,0.19375,0.19375,0.1625,5,0.16874999999999998
Diontae Spencer,DEN,WR,16,0.125,0.48125,0.54375,0.29375,5,0.36093749999999997
Bobo Wilson,TAM,WR,6,0.3333333333333333,0.75,0.9166666666666666,0.5,5,0.625
Zach Zenner,3TM,RB,5,0.4,0.74,0.74,0.54,5,0.605
Josh Adams,NYJ,RB,3,0.3333333333333333,0.39999999999999997,0.39999999999999997,0.39999999999999997,5,0.3833333333333333
Antony Auclair,TAM,TE,8,0.125,0.2625,0.2625,0.2,5,0.21250000000000002
Tony Brooks-James,PIT,RB,3,0.3333333333333333,0.2333333333333333,0.2333333333333333,0.2333333333333333,5,0.2583333333333333
Austin Carr,NOR,WR,6,0.16666666666666666,0.31666666666666665,0.31666666666666665,0.2333333333333333,5,0.2583333333333333
Sean Culkin,LAC,TE,4,0.25,0.55,0.55,0.425,5,0.44375000000000003
Josh Ferguson,WAS,RB,2,0.5,0.45,0.45,0.45,5,0.46249999999999997
John Franklin,TAM,WR,1,1.0,1.1,1.1,1.1,5,1.0750000000000002
Ryan Grant,OAK,WR,2,0.5,2.7,2.7,1.7,5,1.9000000000000001
Will Grier,CAR,QB,2,0.5,0.65,3.15,2.65,5,1.7374999999999998
Ryan Griffin,TAM,QB,2,0.5,0.3,0.3,0.3,5,0.35000000000000003
Damien Harris,NWE,RB,2,0.5,0.6,0.6,0.6,5,0.5750000000000001
Dwayne Harris,OAK,WR,3,0.3333333333333333,0.5666666666666667,0.5666666666666667,0.39999999999999997,5,0.4666666666666666
Chris Herndon,NYJ,TE,1,1.0,1.7,1.7,1.2,5,1.4000000000000001
Cody Hollister,TEN,WR,5,0.2,0.6599999999999999,0.6599999999999999,0.45999999999999996,5,0.49499999999999994
Buddy Howell,HOU,RB,16,0.0625,0.0625,0.0625,0.0625,5,0.0625
Jakob Johnson,NWE,RB,4,0.25,0.375,0.375,0.25,5,0.3125
Charles Jones,JAX,TE,4,0.25,0.375,0.375,0.25,5,0.3125
John Kelly,LAR,RB,4,0.25,0.225,0.225,0.225,5,0.23124999999999998
Ben Koyack,JAX,TE,11,0.09090909090909091,0.17272727272727273,0.17272727272727273,0.12727272727272726,5,0.14090909090909093
Chris Manhertz,CAR,TE,15,0.06666666666666667,0.14,0.14,0.10666666666666667,5,0.11333333333333334
Josh McCown,PHI,QB,3,0.3333333333333333,0.26666666666666666,0.26666666666666666,0.26666666666666666,5,0.2833333333333333
Ryan Nall,CHI,RB,8,0.125,0.1,0.1,0.1,5,0.10625000000000001
Isaac Nauta,DET,TE,6,0.16666666666666666,0.5499999999999999,0.5499999999999999,0.3833333333333333,5,0.4125
Gunner Olszewski,NWE,WR,8,0.125,0.425,0.55,0.3,5,0.35000000000000003
Ricky Ortiz,NOR,RB,1,1.0,1.8,1.8,1.3,5,1.4749999999999999
Jordan Scarlett,CAR,RB,9,0.1111111111111111,0.1,0.1,0.1,5,0.10277777777777777
Dalton Schultz,DAL,TE,16,0.0625,0.1,0.1,0.06875,5,0.08281250000000001
Jaleel Scott,BAL,WR,3,0.3333333333333333,0.5333333333333333,0.5333333333333333,0.3666666666666667,5,0.44166666666666665
Scott Simonson,NYG,TE,5,0.2,0.62,0.62,0.42000000000000004,5,0.46499999999999997
Jeff Smith,NYJ,WR,1,1.0,2.2,2.2,1.7,5,1.7750000000000001
Tyrone Swoopes,SEA,TE,5,0.2,0.3,0.3,0.2,5,0.25
De'Anthony Thomas,2TM,WR,14,0.07142857142857142,0.15,0.15,0.1142857142857143,5,0.12142857142857144
Jordan Thomas,HOU,TE,5,0.2,0.36,0.36,0.26,5,0.29500000000000004
Mike Thomas,LAR,WR,16,0.0625,0.2125,0.2125,0.15,5,0.15937500000000002
Levine Toilolo,SFO,TE,13,0.07692307692307693,0.23076923076923078,0.23076923076923078,0.15384615384615385,5,0.1730769230769231
De'Lance Turner,MIA,RB,8,0.125,0.075,0.075,0.075,5,0.08750000000000001
John Ursua,SEA,WR,3,0.3333333333333333,0.7000000000000001,0.7000000000000001,0.5333333333333333,5,0.5666666666666667
Dexter Williams,GNB,RB,4,0.25,0.275,0.275,0.275,5,0.26875000000000004
Tim Boyle,GNB,QB,3,0.0,-0.03333333333333333,-0.03333333333333333,-0.03333333333333333,5,-0.025
Darrell Daniels,ARI,TE,11,0.0,0.12727272727272726,0.12727272727272726,0.08181818181818182,5,0.08409090909090908
James Develin,NWE,RB,2,0.0,0.15,0.15,0.15,5,0.11249999999999999
Zach Gentry,PIT,TE,4,0.0,0.35,0.35,0.225,5,0.23124999999999998
Garrett Gilbert,CLE,QB,5,0.0,-0.06,-0.06,-0.06,5,-0.045
Cyril Grayson,TAM,WR,2,0.0,0.65,0.65,0.4,5,0.42500000000000004
Xavier Grimble,PIT,TE,3,0.0,0.43333333333333335,0.43333333333333335,0.26666666666666666,5,0.2833333333333333
Krishawn Hogan,NOR,WR,8,0.0,0.175,0.175,0.1125,5,0.11562499999999999
Trace McSorley,BAL,QB,1,0.0,0.1,0.1,0.1,5,0.07500000000000001
Alfred Morris,ARI,RB,1,0.0,0.4,0.4,0.4,5,0.30000000000000004
Nick Mullens,SFO,QB,1,0.0,-0.3,-0.3,-0.3,5,-0.22499999999999998
Roosevelt Nix,PIT,RB,3,0.0,0.7999999999999999,0.7999999999999999,0.4666666666666666,5,0.5166666666666666
Senorise Perry,BUF,RB,11,0.0,0.12727272727272726,0.12727272727272726,0.08181818181818182,5,0.08409090909090908
Trevor Siemian,NYJ,QB,1,0.0,0.1,0.1,0.1,5,0.07500000000000001
Alex Tanney,NYG,QB,1,0.0,0.0,0.0,0.0,5,0.0
Eric Tomlinson,3TM,TE,8,0.0,0.1375,0.1375,0.075,5,0.08750000000000001
Blake Bortles,LAR,QB,3,-0.3333333333333333,-0.26666666666666666,-0.26666666666666666,-0.26666666666666666,5,-0.2833333333333333
Sean Mannion,MIN,QB,3,-0.3333333333333333,-0.5,0.5,0.16666666666666666,5,-0.04166666666666665
Quincy Enunwa,NYJ,WR,1,-2.0,-1.4,-0.4,-1.9,5,-1.4249999999999998
Darrius Shepherd,GNB,WR,6,-0.3333333333333333,-0.15,0.016666666666666666,-0.2333333333333333,5,-0.175
Jarrett Stidham,NWE,QB,3,-0.6666666666666666,-0.5333333333333333,-0.19999999999999998,-0.19999999999999998,5,-0.39999999999999997
Michael Walker,JAX,WR,7,-0.42857142857142855,-0.07142857142857142,0.21428571428571427,-0.21428571428571427,5,-0.125
